company_id,display_name,review_index,transaction_count,evaluable_transactions,null_transactions,unresolved_distinct_transactions,coverage_evaluable_checks,coverage_known_applicable_checks,evidence_coverage_percent,coverage_complete,contributing_families,max_index_transaction_ids,mode,not_fraud_probability
SYN-C001,Synthetic Company 001,0,12,12,0,0,36,36,100.00,True,,SYN-C001-TX-01;SYN-C001-TX-02;SYN-C001-TX-03;SYN-C001-TX-04;SYN-C001-TX-05;SYN-C001-TX-06;SYN-C001-TX-07;SYN-C001-TX-08;SYN-C001-TX-09;SYN-C001-TX-10;SYN-C001-TX-11;SYN-C001-TX-12,SYNTHETIC_STRUCTURED_ONLY,True
SYN-C002,Synthetic Company 002,40,12,12,0,1,36,36,100.00,True,QUANTITY:1,SYN-C002-TX-01,SYNTHETIC_STRUCTURED_ONLY,True
SYN-C003,Synthetic Company 003,35,12,12,0,1,36,36,100.00,True,COUNTERPARTY:1,SYN-C003-TX-01,SYNTHETIC_STRUCTURED_ONLY,True
SYN-C004,Synthetic Company 004,,12,0,12,0,0,36,0.00,False,,,SYNTHETIC_STRUCTURED_ONLY,True
SYN-C005,Synthetic Company 005,0,12,12,0,0,35,36,97.22,False,,SYN-C005-TX-01;SYN-C005-TX-02;SYN-C005-TX-03;SYN-C005-TX-04;SYN-C005-TX-05;SYN-C005-TX-06;SYN-C005-TX-07;SYN-C005-TX-08;SYN-C005-TX-09;SYN-C005-TX-10;SYN-C005-TX-11;SYN-C005-TX-12,SYNTHETIC_STRUCTURED_ONLY,True
SYN-C006,Synthetic Company 006,0,12,12,0,0,36,36,100.00,True,,SYN-C006-TX-01;SYN-C006-TX-02;SYN-C006-TX-03;SYN-C006-TX-04;SYN-C006-TX-05;SYN-C006-TX-06;SYN-C006-TX-07;SYN-C006-TX-08;SYN-C006-TX-09;SYN-C006-TX-10;SYN-C006-TX-11;SYN-C006-TX-12,SYNTHETIC_STRUCTURED_ONLY,True
SYN-C007,Synthetic Company 007,0,12,12,0,0,24,36,66.67,False,,SYN-C007-TX-01;SYN-C007-TX-02;SYN-C007-TX-03;SYN-C007-TX-04;SYN-C007-TX-05;SYN-C007-TX-06;SYN-C007-TX-07;SYN-C007-TX-08;SYN-C007-TX-09;SYN-C007-TX-10;SYN-C007-TX-11;SYN-C007-TX-12,SYNTHETIC_STRUCTURED_ONLY,True
SYN-C008,Synthetic Company 008,40,12,12,0,2,36,36,100.00,True,COUNTERPARTY:1;QUANTITY:1,SYN-C008-TX-01,SYNTHETIC_STRUCTURED_ONLY,True
SYN-C009,Synthetic Company 009,0,12,12,0,0,36,36,100.00,True,,SYN-C009-TX-01;SYN-C009-TX-02;SYN-C009-TX-03;SYN-C009-TX-04;SYN-C009-TX-05;SYN-C009-TX-06;SYN-C009-TX-07;SYN-C009-TX-08;SYN-C009-TX-09;SYN-C009-TX-10;SYN-C009-TX-11;SYN-C009-TX-12,SYNTHETIC_STRUCTURED_ONLY,True
SYN-C010,Synthetic Company 010,40,12,12,0,1,36,36,100.00,True,QUANTITY:1,SYN-C010-TX-01,SYNTHETIC_STRUCTURED_ONLY,True
SYN-C011,Synthetic Company 011,35,12,12,0,1,36,36,100.00,True,COUNTERPARTY:1,SYN-C011-TX-01,SYNTHETIC_STRUCTURED_ONLY,True
SYN-C012,Synthetic Company 012,,12,0,12,0,0,36,0.00,False,,,SYNTHETIC_STRUCTURED_ONLY,True
SYN-C013,Synthetic Company 013,0,12,12,0,0,35,36,97.22,False,,SYN-C013-TX-01;SYN-C013-TX-02;SYN-C013-TX-03;SYN-C013-TX-04;SYN-C013-TX-05;SYN-C013-TX-06;SYN-C013-TX-07;SYN-C013-TX-08;SYN-C013-TX-09;SYN-C013-TX-10;SYN-C013-TX-11;SYN-C013-TX-12,SYNTHETIC_STRUCTURED_ONLY,True
SYN-C014,Synthetic Company 014,0,12,12,0,0,36,36,100.00,True,,SYN-C014-TX-01;SYN-C014-TX-02;SYN-C014-TX-03;SYN-C014-TX-04;SYN-C014-TX-05;SYN-C014-TX-06;SYN-C014-TX-07;SYN-C014-TX-08;SYN-C014-TX-09;SYN-C014-TX-10;SYN-C014-TX-11;SYN-C014-TX-12,SYNTHETIC_STRUCTURED_ONLY,True
SYN-C015,Synthetic Company 015,0,12,12,0,0,24,36,66.67,False,,SYN-C015-TX-01;SYN-C015-TX-02;SYN-C015-TX-03;SYN-C015-TX-04;SYN-C015-TX-05;SYN-C015-TX-06;SYN-C015-TX-07;SYN-C015-TX-08;SYN-C015-TX-09;SYN-C015-TX-10;SYN-C015-TX-11;SYN-C015-TX-12,SYNTHETIC_STRUCTURED_ONLY,True
SYN-C016,Synthetic Company 016,40,12,12,0,2,36,36,100.00,True,COUNTERPARTY:1;QUANTITY:1,SYN-C016-TX-01,SYNTHETIC_STRUCTURED_ONLY,True
SYN-C017,Synthetic Company 017,0,12,12,0,0,36,36,100.00,True,,SYN-C017-TX-01;SYN-C017-TX-02;SYN-C017-TX-03;SYN-C017-TX-04;SYN-C017-TX-05;SYN-C017-TX-06;SYN-C017-TX-07;SYN-C017-TX-08;SYN-C017-TX-09;SYN-C017-TX-10;SYN-C017-TX-11;SYN-C017-TX-12,SYNTHETIC_STRUCTURED_ONLY,True
SYN-C018,Synthetic Company 018,40,12,12,0,1,36,36,100.00,True,QUANTITY:1,SYN-C018-TX-01,SYNTHETIC_STRUCTURED_ONLY,True
SYN-C019,Synthetic Company 019,35,12,12,0,1,36,36,100.00,True,COUNTERPARTY:1,SYN-C019-TX-01,SYNTHETIC_STRUCTURED_ONLY,True
SYN-C020,Synthetic Company 020,,12,0,12,0,0,36,0.00,False,,,SYNTHETIC_STRUCTURED_ONLY,True
SYN-C021,Synthetic Company 021,0,12,12,0,0,35,36,97.22,False,,SYN-C021-TX-01;SYN-C021-TX-02;SYN-C021-TX-03;SYN-C021-TX-04;SYN-C021-TX-05;SYN-C021-TX-06;SYN-C021-TX-07;SYN-C021-TX-08;SYN-C021-TX-09;SYN-C021-TX-10;SYN-C021-TX-11;SYN-C021-TX-12,SYNTHETIC_STRUCTURED_ONLY,True
SYN-C022,Synthetic Company 022,0,12,12,0,0,36,36,100.00,True,,SYN-C022-TX-01;SYN-C022-TX-02;SYN-C022-TX-03;SYN-C022-TX-04;SYN-C022-TX-05;SYN-C022-TX-06;SYN-C022-TX-07;SYN-C022-TX-08;SYN-C022-TX-09;SYN-C022-TX-10;SYN-C022-TX-11;SYN-C022-TX-12,SYNTHETIC_STRUCTURED_ONLY,True
SYN-C023,Synthetic Company 023,0,12,12,0,0,24,36,66.67,False,,SYN-C023-TX-01;SYN-C023-TX-02;SYN-C023-TX-03;SYN-C023-TX-04;SYN-C023-TX-05;SYN-C023-TX-06;SYN-C023-TX-07;SYN-C023-TX-08;SYN-C023-TX-09;SYN-C023-TX-10;SYN-C023-TX-11;SYN-C023-TX-12,SYNTHETIC_STRUCTURED_ONLY,True
SYN-C024,Synthetic Company 024,40,12,12,0,2,36,36,100.00,True,COUNTERPARTY:1;QUANTITY:1,SYN-C024-TX-01,SYNTHETIC_STRUCTURED_ONLY,True
SYN-C025,Synthetic Company 025,0,12,12,0,0,36,36,100.00,True,,SYN-C025-TX-01;SYN-C025-TX-02;SYN-C025-TX-03;SYN-C025-TX-04;SYN-C025-TX-05;SYN-C025-TX-06;SYN-C025-TX-07;SYN-C025-TX-08;SYN-C025-TX-09;SYN-C025-TX-10;SYN-C025-TX-11;SYN-C025-TX-12,SYNTHETIC_STRUCTURED_ONLY,True
SYN-C026,Synthetic Company 026,40,12,12,0,1,36,36,100.00,True,QUANTITY:1,SYN-C026-TX-01,SYNTHETIC_STRUCTURED_ONLY,True
SYN-C027,Synthetic Company 027,35,12,12,0,1,36,36,100.00,True,COUNTERPARTY:1,SYN-C027-TX-01,SYNTHETIC_STRUCTURED_ONLY,True
SYN-C028,Synthetic Company 028,,12,0,12,0,0,36,0.00,False,,,SYNTHETIC_STRUCTURED_ONLY,True
SYN-C029,Synthetic Company 029,0,12,12,0,0,35,36,97.22,False,,SYN-C029-TX-01;SYN-C029-TX-02;SYN-C029-TX-03;SYN-C029-TX-04;SYN-C029-TX-05;SYN-C029-TX-06;SYN-C029-TX-07;SYN-C029-TX-08;SYN-C029-TX-09;SYN-C029-TX-10;SYN-C029-TX-11;SYN-C029-TX-12,SYNTHETIC_STRUCTURED_ONLY,True
SYN-C030,Synthetic Company 030,0,12,12,0,0,36,36,100.00,True,,SYN-C030-TX-01;SYN-C030-TX-02;SYN-C030-TX-03;SYN-C030-TX-04;SYN-C030-TX-05;SYN-C030-TX-06;SYN-C030-TX-07;SYN-C030-TX-08;SYN-C030-TX-09;SYN-C030-TX-10;SYN-C030-TX-11;SYN-C030-TX-12,SYNTHETIC_STRUCTURED_ONLY,True
SYN-C031,Synthetic Company 031,0,12,12,0,0,24,36,66.67,False,,SYN-C031-TX-01;SYN-C031-TX-02;SYN-C031-TX-03;SYN-C031-TX-04;SYN-C031-TX-05;SYN-C031-TX-06;SYN-C031-TX-07;SYN-C031-TX-08;SYN-C031-TX-09;SYN-C031-TX-10;SYN-C031-TX-11;SYN-C031-TX-12,SYNTHETIC_STRUCTURED_ONLY,True
SYN-C032,Synthetic Company 032,40,12,12,0,2,36,36,100.00,True,COUNTERPARTY:1;QUANTITY:1,SYN-C032-TX-01,SYNTHETIC_STRUCTURED_ONLY,True
SYN-C033,Synthetic Company 033,0,12,12,0,0,36,36,100.00,True,,SYN-C033-TX-01;SYN-C033-TX-02;SYN-C033-TX-03;SYN-C033-TX-04;SYN-C033-TX-05;SYN-C033-TX-06;SYN-C033-TX-07;SYN-C033-TX-08;SYN-C033-TX-09;SYN-C033-TX-10;SYN-C033-TX-11;SYN-C033-TX-12,SYNTHETIC_STRUCTURED_ONLY,True
SYN-C034,Synthetic Company 034,40,12,12,0,1,36,36,100.00,True,QUANTITY:1,SYN-C034-TX-01,SYNTHETIC_STRUCTURED_ONLY,True
SYN-C035,Synthetic Company 035,35,12,12,0,1,36,36,100.00,True,COUNTERPARTY:1,SYN-C035-TX-01,SYNTHETIC_STRUCTURED_ONLY,True
SYN-C036,Synthetic Company 036,,12,0,12,0,0,36,0.00,False,,,SYNTHETIC_STRUCTURED_ONLY,True
SYN-C037,Synthetic Company 037,0,12,12,0,0,35,36,97.22,False,,SYN-C037-TX-01;SYN-C037-TX-02;SYN-C037-TX-03;SYN-C037-TX-04;SYN-C037-TX-05;SYN-C037-TX-06;SYN-C037-TX-07;SYN-C037-TX-08;SYN-C037-TX-09;SYN-C037-TX-10;SYN-C037-TX-11;SYN-C037-TX-12,SYNTHETIC_STRUCTURED_ONLY,True
SYN-C038,Synthetic Company 038,0,12,12,0,0,36,36,100.00,True,,SYN-C038-TX-01;SYN-C038-TX-02;SYN-C038-TX-03;SYN-C038-TX-04;SYN-C038-TX-05;SYN-C038-TX-06;SYN-C038-TX-07;SYN-C038-TX-08;SYN-C038-TX-09;SYN-C038-TX-10;SYN-C038-TX-11;SYN-C038-TX-12,SYNTHETIC_STRUCTURED_ONLY,True
SYN-C039,Synthetic Company 039,0,12,12,0,0,24,36,66.67,False,,SYN-C039-TX-01;SYN-C039-TX-02;SYN-C039-TX-03;SYN-C039-TX-04;SYN-C039-TX-05;SYN-C039-TX-06;SYN-C039-TX-07;SYN-C039-TX-08;SYN-C039-TX-09;SYN-C039-TX-10;SYN-C039-TX-11;SYN-C039-TX-12,SYNTHETIC_STRUCTURED_ONLY,True
SYN-C040,Synthetic Company 040,40,12,12,0,2,36,36,100.00,True,COUNTERPARTY:1;QUANTITY:1,SYN-C040-TX-01,SYNTHETIC_STRUCTURED_ONLY,True
